@timestamp,coldstarts,interval,target,@message
2021-01-31 20:28:33.522,9,600,when-will-i-coldstart-dev-system-under-test-128,"2021-01-31T20:28:33.522Z	4ac9f013-eaad-4cf6-8f30-d34d62f7f67a	INFO	{
  target: 'when-will-i-coldstart-dev-system-under-test-128',
  interval: 600,
  coldstarts: 9
}
"
2021-01-31 20:28:32.429,9,600,when-will-i-coldstart-dev-system-under-test-256,"2021-01-31T20:28:32.429Z	74050c27-baab-498f-934c-4afc58281b05	INFO	{
  target: 'when-will-i-coldstart-dev-system-under-test-256',
  interval: 600,
  coldstarts: 9
}
"
2021-01-31 20:28:31.760,9,600,when-will-i-coldstart-dev-system-under-test-2816,"2021-01-31T20:28:31.760Z	d23585b2-e2ac-4b0b-8df2-5be35142e38d	INFO	{
  target: 'when-will-i-coldstart-dev-system-under-test-2816',
  interval: 600,
  coldstarts: 9
}
"
2021-01-31 20:28:31.590,9,600,when-will-i-coldstart-dev-system-under-test-1280,"2021-01-31T20:28:31.590Z	0b90c59f-9ab2-49f0-a23e-74c3d5bdc50c	INFO	{
  target: 'when-will-i-coldstart-dev-system-under-test-1280',
  interval: 600,
  coldstarts: 9
}
"
2021-01-31 20:28:31.433,9,600,when-will-i-coldstart-dev-system-under-test-1152,"2021-01-31T20:28:31.432Z	40b13f3f-55da-4df3-82e5-fa38a857236a	INFO	{
  target: 'when-will-i-coldstart-dev-system-under-test-1152',
  interval: 600,
  coldstarts: 9
}
"
2021-01-31 20:28:31.252,9,600,when-will-i-coldstart-dev-system-under-test-1024,"2021-01-31T20:28:31.250Z	79636fdf-6ca8-439b-8f7e-7c4e058abdeb	INFO	{
  target: 'when-will-i-coldstart-dev-system-under-test-1024',
  interval: 600,
  coldstarts: 9
}
"
2021-01-31 20:28:31.008,9,600,when-will-i-coldstart-dev-system-under-test-2624,"2021-01-31T20:28:31.007Z	25df6f57-a863-4694-b0f1-f7f0c5649a80	INFO	{
  target: 'when-will-i-coldstart-dev-system-under-test-2624',
  interval: 600,
  coldstarts: 9
}
"
2021-01-31 20:28:30.941,9,600,when-will-i-coldstart-dev-system-under-test-1856,"2021-01-31T20:28:30.941Z	250aa16f-2c42-4d5d-8eaa-8ddf95169b10	INFO	{
  target: 'when-will-i-coldstart-dev-system-under-test-1856',
  interval: 600,
  coldstarts: 9
}
"
2021-01-31 20:28:30.859,9,600,when-will-i-coldstart-dev-system-under-test-512,"2021-01-31T20:28:30.854Z	3ad06d8a-1edc-45f3-84ef-fcbef264ad5e	INFO	{
  target: 'when-will-i-coldstart-dev-system-under-test-512',
  interval: 600,
  coldstarts: 9
}
"
2021-01-31 20:28:30.827,9,600,when-will-i-coldstart-dev-system-under-test-1536,"2021-01-31T20:28:30.827Z	5a36bae2-7f10-476f-8b0a-0f880eaab815	INFO	{
  target: 'when-will-i-coldstart-dev-system-under-test-1536',
  interval: 600,
  coldstarts: 9
}
"
2021-01-31 20:28:30.020,9,600,when-will-i-coldstart-dev-system-under-test-3008,"2021-01-31T20:28:30.020Z	13ff0667-541d-40de-b00b-e77136ef0ddc	INFO	{
  target: 'when-will-i-coldstart-dev-system-under-test-3008',
  interval: 600,
  coldstarts: 9
}
"
2021-01-31 20:28:29.878,9,600,when-will-i-coldstart-dev-system-under-test-2048,"2021-01-31T20:28:29.878Z	88c96674-1c14-4ce0-b80a-53687f6e255d	INFO	{
  target: 'when-will-i-coldstart-dev-system-under-test-2048',
  interval: 600,
  coldstarts: 9
}
"
2021-01-31 20:28:28.492,9,600,when-will-i-coldstart-dev-system-under-test-2432,"2021-01-31T20:28:28.492Z	ad082d87-082a-44b2-9d4f-68ec5cf1d8ab	INFO	{
  target: 'when-will-i-coldstart-dev-system-under-test-2432',
  interval: 600,
  coldstarts: 9
}
"
2021-01-31 20:28:28.099,9,600,when-will-i-coldstart-dev-system-under-test-1408,"2021-01-31T20:28:28.098Z	c1eafb64-8fa3-4c12-89fb-65f5dfa62d4d	INFO	{
  target: 'when-will-i-coldstart-dev-system-under-test-1408',
  interval: 600,
  coldstarts: 9
}
"
2021-01-31 20:28:27.047,9,600,when-will-i-coldstart-dev-system-under-test-1792,"2021-01-31T20:28:27.047Z	7b267505-c2e6-49f6-8d8b-f166c6973557	INFO	{
  target: 'when-will-i-coldstart-dev-system-under-test-1792',
  interval: 600,
  coldstarts: 9
}
"
2021-01-31 20:28:26.934,9,600,when-will-i-coldstart-dev-system-under-test-2240,"2021-01-31T20:28:26.934Z	7ab884ac-40d5-410b-977f-548bf9a109d3	INFO	{
  target: 'when-will-i-coldstart-dev-system-under-test-2240',
  interval: 600,
  coldstarts: 9
}
"
2021-01-31 20:18:31.700,8,600,when-will-i-coldstart-dev-system-under-test-128,"2021-01-31T20:18:31.700Z	028bbeb4-6a90-4e98-a713-1650ee3c879c	INFO	{
  target: 'when-will-i-coldstart-dev-system-under-test-128',
  interval: 600,
  coldstarts: 8
}
"
2021-01-31 20:18:30.894,8,600,when-will-i-coldstart-dev-system-under-test-256,"2021-01-31T20:18:30.894Z	356293ac-0579-4122-9611-ec2742fa4b90	INFO	{
  target: 'when-will-i-coldstart-dev-system-under-test-256',
  interval: 600,
  coldstarts: 8
}
"
2021-01-31 20:18:30.578,8,600,when-will-i-coldstart-dev-system-under-test-2816,"2021-01-31T20:18:30.578Z	33a675f8-0047-4841-b9fd-eafe20e12680	INFO	{
  target: 'when-will-i-coldstart-dev-system-under-test-2816',
  interval: 600,
  coldstarts: 8
}
"
2021-01-31 20:18:29.866,8,600,when-will-i-coldstart-dev-system-under-test-1280,"2021-01-31T20:18:29.865Z	2f3361e6-5c4f-449e-a80f-d66cc7d2c23f	INFO	{
  target: 'when-will-i-coldstart-dev-system-under-test-1280',
  interval: 600,
  coldstarts: 8
}
"
2021-01-31 20:18:29.825,8,600,when-will-i-coldstart-dev-system-under-test-1856,"2021-01-31T20:18:29.825Z	02a37e09-056e-4ff0-87bb-15fc2f7d4f25	INFO	{
  target: 'when-will-i-coldstart-dev-system-under-test-1856',
  interval: 600,
  coldstarts: 8
}
"
2021-01-31 20:18:29.756,8,600,when-will-i-coldstart-dev-system-under-test-1536,"2021-01-31T20:18:29.756Z	0ffc073b-cf32-4812-95e0-f22edab5d6df	INFO	{
  target: 'when-will-i-coldstart-dev-system-under-test-1536',
  interval: 600,
  coldstarts: 8
}
"
2021-01-31 20:18:29.268,8,600,when-will-i-coldstart-dev-system-under-test-1024,"2021-01-31T20:18:29.268Z	9962e4b7-747f-4b02-90ae-2ed58cbc73d3	INFO	{
  target: 'when-will-i-coldstart-dev-system-under-test-1024',
  interval: 600,
  coldstarts: 8
}
"
2021-01-31 20:18:29.249,8,600,when-will-i-coldstart-dev-system-under-test-1152,"2021-01-31T20:18:29.249Z	42243616-bfdc-41cf-a1b5-cb79f56701ce	INFO	{
  target: 'when-will-i-coldstart-dev-system-under-test-1152',
  interval: 600,
  coldstarts: 8
}
"
2021-01-31 20:18:29.090,8,600,when-will-i-coldstart-dev-system-under-test-2624,"2021-01-31T20:18:29.090Z	f31505ff-88e8-4746-b315-6ed2c86a71d3	INFO	{
  target: 'when-will-i-coldstart-dev-system-under-test-2624',
  interval: 600,
  coldstarts: 8
}
"
2021-01-31 20:18:28.496,8,600,when-will-i-coldstart-dev-system-under-test-3008,"2021-01-31T20:18:28.496Z	8fecb844-9f50-4e10-999e-7e76f403310d	INFO	{
  target: 'when-will-i-coldstart-dev-system-under-test-3008',
  interval: 600,
  coldstarts: 8
}
"
2021-01-31 20:18:28.352,8,600,when-will-i-coldstart-dev-system-under-test-2048,"2021-01-31T20:18:28.352Z	1b94f0f4-71a8-43b1-9052-f492c7ea373b	INFO	{
  target: 'when-will-i-coldstart-dev-system-under-test-2048',
  interval: 600,
  coldstarts: 8
}
"
2021-01-31 20:18:28.243,8,600,when-will-i-coldstart-dev-system-under-test-512,"2021-01-31T20:18:28.243Z	950f8029-96f2-42ac-8d5f-c35c21a76fd3	INFO	{
  target: 'when-will-i-coldstart-dev-system-under-test-512',
  interval: 600,
  coldstarts: 8
}
"
2021-01-31 20:18:27.453,8,600,when-will-i-coldstart-dev-system-under-test-2432,"2021-01-31T20:18:27.453Z	3e528f8a-532c-4aad-95ec-be008dd9fde2	INFO	{
  target: 'when-will-i-coldstart-dev-system-under-test-2432',
  interval: 600,
  coldstarts: 8
}
"
2021-01-31 20:18:27.026,8,600,when-will-i-coldstart-dev-system-under-test-1408,"2021-01-31T20:18:27.026Z	d4fddee8-58e6-4f7a-af05-858999206376	INFO	{
  target: 'when-will-i-coldstart-dev-system-under-test-1408',
  interval: 600,
  coldstarts: 8
}
"
2021-01-31 20:18:25.842,8,600,when-will-i-coldstart-dev-system-under-test-1792,"2021-01-31T20:18:25.842Z	eefc9d67-7214-4116-82d1-e2d574134397	INFO	{
  target: 'when-will-i-coldstart-dev-system-under-test-1792',
  interval: 600,
  coldstarts: 8
}
"
2021-01-31 20:18:25.810,8,600,when-will-i-coldstart-dev-system-under-test-2240,"2021-01-31T20:18:25.809Z	a07e6460-b274-446c-9ec1-9ee4419ec20f	INFO	{
  target: 'when-will-i-coldstart-dev-system-under-test-2240',
  interval: 600,
  coldstarts: 8
}
"
2021-01-31 20:08:30.025,7,600,when-will-i-coldstart-dev-system-under-test-128,"2021-01-31T20:08:30.025Z	ad54e66a-7e78-470d-8de3-05f63bb27d0d	INFO	{
  target: 'when-will-i-coldstart-dev-system-under-test-128',
  interval: 600,
  coldstarts: 7
}
"
2021-01-31 20:08:28.659,7,600,when-will-i-coldstart-dev-system-under-test-1856,"2021-01-31T20:08:28.659Z	7be8c426-7cca-4b49-8c76-df8ec045c447	INFO	{
  target: 'when-will-i-coldstart-dev-system-under-test-1856',
  interval: 600,
  coldstarts: 7
}
"
2021-01-31 20:08:28.336,7,600,when-will-i-coldstart-dev-system-under-test-1536,"2021-01-31T20:08:28.336Z	aad44301-c155-4d7f-9a45-87301cd1311f	INFO	{
  target: 'when-will-i-coldstart-dev-system-under-test-1536',
  interval: 600,
  coldstarts: 7
}
"
2021-01-31 20:08:28.291,7,600,when-will-i-coldstart-dev-system-under-test-256,"2021-01-31T20:08:28.291Z	5d64defc-02d5-46a5-91fc-cb0d98eb62ee	INFO	{
  target: 'when-will-i-coldstart-dev-system-under-test-256',
  interval: 600,
  coldstarts: 7
}
"
2021-01-31 20:08:28.239,7,600,when-will-i-coldstart-dev-system-under-test-2816,"2021-01-31T20:08:28.239Z	ce097b2c-169f-40c8-937e-a78b71a63c51	INFO	{
  target: 'when-will-i-coldstart-dev-system-under-test-2816',
  interval: 600,
  coldstarts: 7
}
"
2021-01-31 20:08:28.053,7,600,when-will-i-coldstart-dev-system-under-test-1280,"2021-01-31T20:08:28.053Z	a9fe6cd8-bbe8-4918-8874-412828a22c12	INFO	{
  target: 'when-will-i-coldstart-dev-system-under-test-1280',
  interval: 600,
  coldstarts: 7
}
"
2021-01-31 20:08:27.402,7,600,when-will-i-coldstart-dev-system-under-test-1152,"2021-01-31T20:08:27.402Z	7b2282d6-2476-43aa-a5e3-7b174103f38d	INFO	{
  target: 'when-will-i-coldstart-dev-system-under-test-1152',
  interval: 600,
  coldstarts: 7
}
"
2021-01-31 20:08:27.358,7,600,when-will-i-coldstart-dev-system-under-test-1024,"2021-01-31T20:08:27.358Z	eb3a61e8-b2c3-404e-a6ff-fdb24c21e0ed	INFO	{
  target: 'when-will-i-coldstart-dev-system-under-test-1024',
  interval: 600,
  coldstarts: 7
}
"
2021-01-31 20:08:27.258,7,600,when-will-i-coldstart-dev-system-under-test-2048,"2021-01-31T20:08:27.257Z	65b8a14c-2b87-459f-b2a5-d1e21445767b	INFO	{
  target: 'when-will-i-coldstart-dev-system-under-test-2048',
  interval: 600,
  coldstarts: 7
}
"
2021-01-31 20:08:27.242,7,600,when-will-i-coldstart-dev-system-under-test-2624,"2021-01-31T20:08:27.242Z	14b9d669-57b6-457f-90da-12d5f295092b	INFO	{
  target: 'when-will-i-coldstart-dev-system-under-test-2624',
  interval: 600,
  coldstarts: 7
}
"
2021-01-31 20:08:27.002,7,600,when-will-i-coldstart-dev-system-under-test-512,"2021-01-31T20:08:27.002Z	1d031961-da4d-4ff2-bf03-fa822b959eea	INFO	{
  target: 'when-will-i-coldstart-dev-system-under-test-512',
  interval: 600,
  coldstarts: 7
}
"
2021-01-31 20:08:26.457,7,600,when-will-i-coldstart-dev-system-under-test-3008,"2021-01-31T20:08:26.457Z	c064d91c-630d-48d4-9eed-1817f3ba5c45	INFO	{
  target: 'when-will-i-coldstart-dev-system-under-test-3008',
  interval: 600,
  coldstarts: 7
}
"
2021-01-31 20:08:26.313,7,600,when-will-i-coldstart-dev-system-under-test-2432,"2021-01-31T20:08:26.313Z	0ba30407-afb8-4bea-8652-2d8745a344df	INFO	{
  target: 'when-will-i-coldstart-dev-system-under-test-2432',
  interval: 600,
  coldstarts: 7
}
"
2021-01-31 20:08:25.888,7,600,when-will-i-coldstart-dev-system-under-test-1408,"2021-01-31T20:08:25.888Z	73b84bc2-916b-4705-97d8-1012b97f2310	INFO	{
  target: 'when-will-i-coldstart-dev-system-under-test-1408',
  interval: 600,
  coldstarts: 7
}
"
2021-01-31 20:08:24.723,7,600,when-will-i-coldstart-dev-system-under-test-1792,"2021-01-31T20:08:24.723Z	fb932e5d-a6b0-4627-8830-d646e2462d61	INFO	{
  target: 'when-will-i-coldstart-dev-system-under-test-1792',
  interval: 600,
  coldstarts: 7
}
"
2021-01-31 20:08:24.700,7,600,when-will-i-coldstart-dev-system-under-test-2240,"2021-01-31T20:08:24.700Z	268d762e-7989-4779-8441-719e839863b6	INFO	{
  target: 'when-will-i-coldstart-dev-system-under-test-2240',
  interval: 600,
  coldstarts: 7
}
"
2021-01-31 19:58:28.184,6,600,when-will-i-coldstart-dev-system-under-test-128,"2021-01-31T19:58:28.184Z	abd0169d-a9f3-4c67-9693-4ca4d5ae3bbe	INFO	{
  target: 'when-will-i-coldstart-dev-system-under-test-128',
  interval: 600,
  coldstarts: 6
}
"
2021-01-31 19:58:27.208,6,600,when-will-i-coldstart-dev-system-under-test-1536,"2021-01-31T19:58:27.205Z	3fd8af69-cc8f-4adb-9518-b02ffd059705	INFO	{
  target: 'when-will-i-coldstart-dev-system-under-test-1536',
  interval: 600,
  coldstarts: 6
}
"
2021-01-31 19:58:26.874,6,600,when-will-i-coldstart-dev-system-under-test-2816,"2021-01-31T19:58:26.874Z	33d0e3d9-fe9e-42b3-8e64-54ba0a832289	INFO	{
  target: 'when-will-i-coldstart-dev-system-under-test-2816',
  interval: 600,
  coldstarts: 6
}
"
2021-01-31 19:58:26.859,6,600,when-will-i-coldstart-dev-system-under-test-256,"2021-01-31T19:58:26.857Z	b90abd08-3b31-4de5-aa8a-505daa11dea3	INFO	{
  target: 'when-will-i-coldstart-dev-system-under-test-256',
  interval: 600,
  coldstarts: 6
}
"
2021-01-31 19:58:26.856,6,600,when-will-i-coldstart-dev-system-under-test-1280,"2021-01-31T19:58:26.856Z	dc80c3e1-af11-4aa7-a5c2-b7f6b40ed83c	INFO	{
  target: 'when-will-i-coldstart-dev-system-under-test-1280',
  interval: 600,
  coldstarts: 6
}
"
2021-01-31 19:58:26.775,6,600,when-will-i-coldstart-dev-system-under-test-1856,"2021-01-31T19:58:26.774Z	0cc146bd-26b2-482f-bebd-f1694570858d	INFO	{
  target: 'when-will-i-coldstart-dev-system-under-test-1856',
  interval: 600,
  coldstarts: 6
}
"
2021-01-31 19:58:26.282,6,600,when-will-i-coldstart-dev-system-under-test-1024,"2021-01-31T19:58:26.282Z	48b0856f-d058-4fad-bd08-9569e650d7d3	INFO	{
  target: 'when-will-i-coldstart-dev-system-under-test-1024',
  interval: 600,
  coldstarts: 6
}
"
2021-01-31 19:58:26.173,6,600,when-will-i-coldstart-dev-system-under-test-1152,"2021-01-31T19:58:26.172Z	49797391-741c-4b5a-bff3-cf9c4d9981ae	INFO	{
  target: 'when-will-i-coldstart-dev-system-under-test-1152',
  interval: 600,
  coldstarts: 6
}
"
2021-01-31 19:58:25.883,6,600,when-will-i-coldstart-dev-system-under-test-512,"2021-01-31T19:58:25.883Z	12d37918-5db3-49f6-8bd2-ec82d2053fe2	INFO	{
  target: 'when-will-i-coldstart-dev-system-under-test-512',
  interval: 600,
  coldstarts: 6
}
"
2021-01-31 19:58:25.388,6,600,when-will-i-coldstart-dev-system-under-test-2048,"2021-01-31T19:58:25.388Z	55502c5c-f649-4d79-a856-383aca39524c	INFO	{
  target: 'when-will-i-coldstart-dev-system-under-test-2048',
  interval: 600,
  coldstarts: 6
}
"
2021-01-31 19:58:25.342,6,600,when-will-i-coldstart-dev-system-under-test-3008,"2021-01-31T19:58:25.342Z	ae7f734f-f2cd-474d-80fe-5fe4b9b7ab89	INFO	{
  target: 'when-will-i-coldstart-dev-system-under-test-3008',
  interval: 600,
  coldstarts: 6
}
"
2021-01-31 19:58:25.261,6,600,when-will-i-coldstart-dev-system-under-test-2624,"2021-01-31T19:58:25.261Z	827628bd-e874-40df-bb7f-e52f131550e1	INFO	{
  target: 'when-will-i-coldstart-dev-system-under-test-2624',
  interval: 600,
  coldstarts: 6
}
"
2021-01-31 19:58:24.724,6,600,when-will-i-coldstart-dev-system-under-test-1408,"2021-01-31T19:58:24.724Z	691c00df-80ea-43fa-9426-caf09d02a959	INFO	{
  target: 'when-will-i-coldstart-dev-system-under-test-1408',
  interval: 600,
  coldstarts: 6
}
"
2021-01-31 19:58:24.494,6,600,when-will-i-coldstart-dev-system-under-test-2432,"2021-01-31T19:58:24.494Z	d4c4a3b3-8d9c-4f58-8692-18af2814e9eb	INFO	{
  target: 'when-will-i-coldstart-dev-system-under-test-2432',
  interval: 600,
  coldstarts: 6
}
"
2021-01-31 19:58:23.644,6,600,when-will-i-coldstart-dev-system-under-test-1792,"2021-01-31T19:58:23.644Z	616e536f-c0a5-4d25-987a-8959e3294339	INFO	{
  target: 'when-will-i-coldstart-dev-system-under-test-1792',
  interval: 600,
  coldstarts: 6
}
"
2021-01-31 19:58:23.613,6,600,when-will-i-coldstart-dev-system-under-test-2240,"2021-01-31T19:58:23.610Z	e88522a7-c2a4-47d9-949a-09f0e5db1720	INFO	{
  target: 'when-will-i-coldstart-dev-system-under-test-2240',
  interval: 600,
  coldstarts: 6
}
"
2021-01-31 19:48:26.340,5,600,when-will-i-coldstart-dev-system-under-test-128,"2021-01-31T19:48:26.340Z	22b39932-c0bd-4f00-9834-793a08949a50	INFO	{
  target: 'when-will-i-coldstart-dev-system-under-test-128',
  interval: 600,
  coldstarts: 5
}
"
2021-01-31 19:48:25.777,5,600,when-will-i-coldstart-dev-system-under-test-1536,"2021-01-31T19:48:25.777Z	23a15902-16c4-4a45-8868-7595bd947f8c	INFO	{
  target: 'when-will-i-coldstart-dev-system-under-test-1536',
  interval: 600,
  coldstarts: 5
}
"
2021-01-31 19:48:25.775,5,600,when-will-i-coldstart-dev-system-under-test-2816,"2021-01-31T19:48:25.775Z	69f7b167-8119-40b6-bdec-4aaadd339179	INFO	{
  target: 'when-will-i-coldstart-dev-system-under-test-2816',
  interval: 600,
  coldstarts: 5
}
"
2021-01-31 19:48:25.652,5,600,when-will-i-coldstart-dev-system-under-test-1280,"2021-01-31T19:48:25.652Z	67cccfc5-e62f-4158-a048-adc69117334d	INFO	{
  target: 'when-will-i-coldstart-dev-system-under-test-1280',
  interval: 600,
  coldstarts: 5
}
"
2021-01-31 19:48:25.482,5,600,when-will-i-coldstart-dev-system-under-test-256,"2021-01-31T19:48:25.482Z	d976f590-6cf9-4ee9-bd43-102639a60dee	INFO	{
  target: 'when-will-i-coldstart-dev-system-under-test-256',
  interval: 600,
  coldstarts: 5
}
"
2021-01-31 19:48:25.035,5,600,when-will-i-coldstart-dev-system-under-test-1024,"2021-01-31T19:48:25.035Z	694b7841-16b9-4e05-87eb-0f204e908476	INFO	{
  target: 'when-will-i-coldstart-dev-system-under-test-1024',
  interval: 600,
  coldstarts: 5
}
"
2021-01-31 19:48:24.832,5,600,when-will-i-coldstart-dev-system-under-test-1856,"2021-01-31T19:48:24.832Z	d2f0e97c-038a-46d4-81f7-42ed5edfd7c2	INFO	{
  target: 'when-will-i-coldstart-dev-system-under-test-1856',
  interval: 600,
  coldstarts: 5
}
"
2021-01-31 19:48:24.643,5,600,when-will-i-coldstart-dev-system-under-test-512,"2021-01-31T19:48:24.643Z	4276da97-725e-4872-b05b-3f0643c062d4	INFO	{
  target: 'when-will-i-coldstart-dev-system-under-test-512',
  interval: 600,
  coldstarts: 5
}
"
2021-01-31 19:48:24.316,5,600,when-will-i-coldstart-dev-system-under-test-1152,"2021-01-31T19:48:24.316Z	5f536944-3b33-49d2-9631-289ba447cb71	INFO	{
  target: 'when-will-i-coldstart-dev-system-under-test-1152',
  interval: 600,
  coldstarts: 5
}
"
2021-01-31 19:48:24.253,5,600,when-will-i-coldstart-dev-system-under-test-2048,"2021-01-31T19:48:24.253Z	bb065b5e-619a-4da5-b396-3bb374e32825	INFO	{
  target: 'when-will-i-coldstart-dev-system-under-test-2048',
  interval: 600,
  coldstarts: 5
}
"
2021-01-31 19:48:24.063,5,600,when-will-i-coldstart-dev-system-under-test-2624,"2021-01-31T19:48:24.063Z	d75b36e7-ddb5-4537-b6d7-4d19f011d0cf	INFO	{
  target: 'when-will-i-coldstart-dev-system-under-test-2624',
  interval: 600,
  coldstarts: 5
}
"
2021-01-31 19:48:23.606,5,600,when-will-i-coldstart-dev-system-under-test-1408,"2021-01-31T19:48:23.605Z	8d99344b-c470-4d11-94f6-004e0680898e	INFO	{
  target: 'when-will-i-coldstart-dev-system-under-test-1408',
  interval: 600,
  coldstarts: 5
}
"
2021-01-31 19:48:23.373,5,600,when-will-i-coldstart-dev-system-under-test-2432,"2021-01-31T19:48:23.373Z	b7268878-5606-4537-9231-4c03e56b1039	INFO	{
  target: 'when-will-i-coldstart-dev-system-under-test-2432',
  interval: 600,
  coldstarts: 5
}
"
2021-01-31 19:48:23.243,5,600,when-will-i-coldstart-dev-system-under-test-3008,"2021-01-31T19:48:23.242Z	3e8b0476-dd1f-476e-805c-5767c90a4e2a	INFO	{
  target: 'when-will-i-coldstart-dev-system-under-test-3008',
  interval: 600,
  coldstarts: 5
}
"
2021-01-31 19:48:22.500,5,600,when-will-i-coldstart-dev-system-under-test-1792,"2021-01-31T19:48:22.500Z	6f7a6bba-a805-4b03-a986-7c6469829e38	INFO	{
  target: 'when-will-i-coldstart-dev-system-under-test-1792',
  interval: 600,
  coldstarts: 5
}
"
2021-01-31 19:48:22.497,5,600,when-will-i-coldstart-dev-system-under-test-2240,"2021-01-31T19:48:22.497Z	970d9605-fafa-4ab7-b769-2b42b31d745b	INFO	{
  target: 'when-will-i-coldstart-dev-system-under-test-2240',
  interval: 600,
  coldstarts: 5
}
"
2021-01-31 19:38:24.752,4,600,when-will-i-coldstart-dev-system-under-test-128,"2021-01-31T19:38:24.752Z	017d6ded-2f4b-4fe3-9816-8d124720ee7c	INFO	{
  target: 'when-will-i-coldstart-dev-system-under-test-128',
  interval: 600,
  coldstarts: 4
}
"
2021-01-31 19:38:24.567,4,600,when-will-i-coldstart-dev-system-under-test-2816,"2021-01-31T19:38:24.567Z	c091bd25-e90d-413d-9c3b-a5a73b367260	INFO	{
  target: 'when-will-i-coldstart-dev-system-under-test-2816',
  interval: 600,
  coldstarts: 4
}
"
2021-01-31 19:38:24.162,4,600,when-will-i-coldstart-dev-system-under-test-256,"2021-01-31T19:38:24.162Z	294f23c6-2e7a-47a4-9f53-bbddd9080b65	INFO	{
  target: 'when-will-i-coldstart-dev-system-under-test-256',
  interval: 600,
  coldstarts: 4
}
"
2021-01-31 19:38:23.846,4,600,when-will-i-coldstart-dev-system-under-test-1024,"2021-01-31T19:38:23.845Z	9f8e77a2-bd6b-48af-90b7-37f5e5162dfc	INFO	{
  target: 'when-will-i-coldstart-dev-system-under-test-1024',
  interval: 600,
  coldstarts: 4
}
"
2021-01-31 19:38:23.829,4,600,when-will-i-coldstart-dev-system-under-test-1536,"2021-01-31T19:38:23.829Z	fec78115-e3ea-421e-85b3-0843a6bfb713	INFO	{
  target: 'when-will-i-coldstart-dev-system-under-test-1536',
  interval: 600,
  coldstarts: 4
}
"
2021-01-31 19:38:23.824,4,600,when-will-i-coldstart-dev-system-under-test-1280,"2021-01-31T19:38:23.824Z	fc97c666-5193-4076-9eec-9d62e7fd43df	INFO	{
  target: 'when-will-i-coldstart-dev-system-under-test-1280',
  interval: 600,
  coldstarts: 4
}
"
2021-01-31 19:38:23.454,4,600,when-will-i-coldstart-dev-system-under-test-512,"2021-01-31T19:38:23.454Z	a9a8a313-d8df-4d95-8846-d40cdfd9b1c8	INFO	{
  target: 'when-will-i-coldstart-dev-system-under-test-512',
  interval: 600,
  coldstarts: 4
}
"
2021-01-31 19:38:23.123,4,600,when-will-i-coldstart-dev-system-under-test-1152,"2021-01-31T19:38:23.123Z	ba8e8632-eb60-4b58-adcc-d23c775a28de	INFO	{
  target: 'when-will-i-coldstart-dev-system-under-test-1152',
  interval: 600,
  coldstarts: 4
}
"
2021-01-31 19:38:23.053,4,600,when-will-i-coldstart-dev-system-under-test-1856,"2021-01-31T19:38:23.052Z	3905f2da-a4a5-4232-9e74-95508e26a39c	INFO	{
  target: 'when-will-i-coldstart-dev-system-under-test-1856',
  interval: 600,
  coldstarts: 4
}
"
2021-01-31 19:38:23.013,4,600,when-will-i-coldstart-dev-system-under-test-2048,"2021-01-31T19:38:23.009Z	6c86d283-aa36-4078-957a-fb38f423fa25	INFO	{
  target: 'when-will-i-coldstart-dev-system-under-test-2048',
  interval: 600,
  coldstarts: 4
}
"
2021-01-31 19:38:22.468,4,600,when-will-i-coldstart-dev-system-under-test-1408,"2021-01-31T19:38:22.468Z	d57fee43-2f5a-450f-974c-2aa062d9f24d	INFO	{
  target: 'when-will-i-coldstart-dev-system-under-test-1408',
  interval: 600,
  coldstarts: 4
}
"
2021-01-31 19:38:22.304,4,600,when-will-i-coldstart-dev-system-under-test-2624,"2021-01-31T19:38:22.304Z	f76429d9-6e31-490f-a24c-58f74422804b	INFO	{
  target: 'when-will-i-coldstart-dev-system-under-test-2624',
  interval: 600,
  coldstarts: 4
}
"
2021-01-31 19:38:22.262,4,600,when-will-i-coldstart-dev-system-under-test-2432,"2021-01-31T19:38:22.262Z	bd5df6a4-0538-4714-8861-c283ba18cb18	INFO	{
  target: 'when-will-i-coldstart-dev-system-under-test-2432',
  interval: 600,
  coldstarts: 4
}
"
2021-01-31 19:38:21.386,4,600,when-will-i-coldstart-dev-system-under-test-2240,"2021-01-31T19:38:21.385Z	b51ab9b9-fec3-4390-b89a-736702611336	INFO	{
  target: 'when-will-i-coldstart-dev-system-under-test-2240',
  interval: 600,
  coldstarts: 4
}
"
2021-01-31 19:38:21.365,4,600,when-will-i-coldstart-dev-system-under-test-1792,"2021-01-31T19:38:21.365Z	73487bce-1202-4490-8e5a-d9879099b14f	INFO	{
  target: 'when-will-i-coldstart-dev-system-under-test-1792',
  interval: 600,
  coldstarts: 4
}
"
2021-01-31 19:38:21.337,4,600,when-will-i-coldstart-dev-system-under-test-3008,"2021-01-31T19:38:21.337Z	236acb23-4875-4f1e-b93d-b1e93ee50ce7	INFO	{
  target: 'when-will-i-coldstart-dev-system-under-test-3008',
  interval: 600,
  coldstarts: 4
}
"
2021-01-31 19:28:23.012,3,600,when-will-i-coldstart-dev-system-under-test-128,"2021-01-31T19:28:23.012Z	f5a1a9fa-0b13-42b3-9983-089e1ef0984d	INFO	{
  target: 'when-will-i-coldstart-dev-system-under-test-128',
  interval: 600,
  coldstarts: 3
}
"
2021-01-31 19:28:22.769,3,600,when-will-i-coldstart-dev-system-under-test-256,"2021-01-31T19:28:22.768Z	b5724598-0325-4195-8768-b357dd1549a6	INFO	{
  target: 'when-will-i-coldstart-dev-system-under-test-256',
  interval: 600,
  coldstarts: 3
}
"
2021-01-31 19:28:22.677,3,600,when-will-i-coldstart-dev-system-under-test-2816,"2021-01-31T19:28:22.677Z	ed5e1860-7a02-485f-b224-6df1f3fcc6f1	INFO	{
  target: 'when-will-i-coldstart-dev-system-under-test-2816',
  interval: 600,
  coldstarts: 3
}
"
2021-01-31 19:28:22.671,3,600,when-will-i-coldstart-dev-system-under-test-1280,"2021-01-31T19:28:22.671Z	0774fbd5-856d-4fe3-9291-b3d01d332174	INFO	{
  target: 'when-will-i-coldstart-dev-system-under-test-1280',
  interval: 600,
  coldstarts: 3
}
"
2021-01-31 19:28:22.235,3,600,when-will-i-coldstart-dev-system-under-test-512,"2021-01-31T19:28:22.235Z	c7f25682-51dd-4d17-b9cb-b220cbd414ad	INFO	{
  target: 'when-will-i-coldstart-dev-system-under-test-512',
  interval: 600,
  coldstarts: 3
}
"
2021-01-31 19:28:22.064,3,600,when-will-i-coldstart-dev-system-under-test-1152,"2021-01-31T19:28:22.063Z	3c35adf4-ced0-4453-84ca-eefda3dea6db	INFO	{
  target: 'when-will-i-coldstart-dev-system-under-test-1152',
  interval: 600,
  coldstarts: 3
}
"
2021-01-31 19:28:21.987,3,600,when-will-i-coldstart-dev-system-under-test-1856,"2021-01-31T19:28:21.987Z	ed547024-f961-4e2b-9635-511112a83c8c	INFO	{
  target: 'when-will-i-coldstart-dev-system-under-test-1856',
  interval: 600,
  coldstarts: 3
}
"
2021-01-31 19:28:21.944,3,600,when-will-i-coldstart-dev-system-under-test-1024,"2021-01-31T19:28:21.943Z	48b6c189-344d-445f-b0a3-9c5b87d07ec1	INFO	{
  target: 'when-will-i-coldstart-dev-system-under-test-1024',
  interval: 600,
  coldstarts: 3
}
"
2021-01-31 19:28:21.826,3,600,when-will-i-coldstart-dev-system-under-test-1536,"2021-01-31T19:28:21.825Z	f66126ec-088b-40f6-b6cf-9024bae2905d	INFO	{
  target: 'when-will-i-coldstart-dev-system-under-test-1536',
  interval: 600,
  coldstarts: 3
}
"
2021-01-31 19:28:21.274,3,600,when-will-i-coldstart-dev-system-under-test-1408,"2021-01-31T19:28:21.273Z	e6d89af8-a281-4826-bce5-77fa65a78340	INFO	{
  target: 'when-will-i-coldstart-dev-system-under-test-1408',
  interval: 600,
  coldstarts: 3
}
"
2021-01-31 19:28:21.126,3,600,when-will-i-coldstart-dev-system-under-test-2624,"2021-01-31T19:28:21.125Z	613fca81-334c-41a3-8cc7-c818d91d35a2	INFO	{
  target: 'when-will-i-coldstart-dev-system-under-test-2624',
  interval: 600,
  coldstarts: 3
}
"
2021-01-31 19:28:21.103,3,600,when-will-i-coldstart-dev-system-under-test-2432,"2021-01-31T19:28:21.103Z	751b136a-cc1c-4456-a745-f9ea29a8a176	INFO	{
  target: 'when-will-i-coldstart-dev-system-under-test-2432',
  interval: 600,
  coldstarts: 3
}
"
2021-01-31 19:28:21.101,3,600,when-will-i-coldstart-dev-system-under-test-2048,"2021-01-31T19:28:21.100Z	016beea2-5f0d-4f77-8eee-34258e4b13d1	INFO	{
  target: 'when-will-i-coldstart-dev-system-under-test-2048',
  interval: 600,
  coldstarts: 3
}
"
2021-01-31 19:28:20.214,3,600,when-will-i-coldstart-dev-system-under-test-1792,"2021-01-31T19:28:20.213Z	59a95470-3d48-4a93-924f-ebf82393c9ba	INFO	{
  target: 'when-will-i-coldstart-dev-system-under-test-1792',
  interval: 600,
  coldstarts: 3
}
"
2021-01-31 19:28:20.206,3,600,when-will-i-coldstart-dev-system-under-test-3008,"2021-01-31T19:28:20.206Z	9c77c560-9b7e-4356-bcd9-0483c75f0f0b	INFO	{
  target: 'when-will-i-coldstart-dev-system-under-test-3008',
  interval: 600,
  coldstarts: 3
}
"
2021-01-31 19:28:20.185,3,600,when-will-i-coldstart-dev-system-under-test-2240,"2021-01-31T19:28:20.185Z	00fb7156-ab27-493b-b8e5-2187739b699e	INFO	{
  target: 'when-will-i-coldstart-dev-system-under-test-2240',
  interval: 600,
  coldstarts: 3
}
"
2021-01-31 19:18:21.372,2,600,when-will-i-coldstart-dev-system-under-test-256,"2021-01-31T19:18:21.372Z	9c03dd22-8c05-42f5-9b4d-faa993b35c58	INFO	{
  target: 'when-will-i-coldstart-dev-system-under-test-256',
  interval: 600,
  coldstarts: 2
}
"
2021-01-31 19:18:21.202,2,600,when-will-i-coldstart-dev-system-under-test-128,"2021-01-31T19:18:21.202Z	5bff44e7-4ad8-4248-9cc5-5f49f29e8ed7	INFO	{
  target: 'when-will-i-coldstart-dev-system-under-test-128',
  interval: 600,
  coldstarts: 2
}
"
2021-01-31 19:18:20.851,2,600,when-will-i-coldstart-dev-system-under-test-1280,"2021-01-31T19:18:20.845Z	fa802f35-670c-4c7a-94dc-e539e3ba2d63	INFO	{
  target: 'when-will-i-coldstart-dev-system-under-test-1280',
  interval: 600,
  coldstarts: 2
}
"
2021-01-31 19:18:20.839,2,600,when-will-i-coldstart-dev-system-under-test-2816,"2021-01-31T19:18:20.839Z	d5fda4d8-0d50-460d-aebd-b8c872f41364	INFO	{
  target: 'when-will-i-coldstart-dev-system-under-test-2816',
  interval: 600,
  coldstarts: 2
}
"
2021-01-31 19:18:20.833,2,600,when-will-i-coldstart-dev-system-under-test-512,"2021-01-31T19:18:20.832Z	39d1f573-a91e-4dab-89ad-fbddc773dcf9	INFO	{
  target: 'when-will-i-coldstart-dev-system-under-test-512',
  interval: 600,
  coldstarts: 2
}
"
2021-01-31 19:18:20.797,2,600,when-will-i-coldstart-dev-system-under-test-1024,"2021-01-31T19:18:20.796Z	e41c99b7-3f00-4312-862b-9768c8824a85	INFO	{
  target: 'when-will-i-coldstart-dev-system-under-test-1024',
  interval: 600,
  coldstarts: 2
}
"
2021-01-31 19:18:20.796,2,600,when-will-i-coldstart-dev-system-under-test-1152,"2021-01-31T19:18:20.795Z	5cd97c8a-d9b8-4df6-b3e9-d655c2679415	INFO	{
  target: 'when-will-i-coldstart-dev-system-under-test-1152',
  interval: 600,
  coldstarts: 2
}
"
2021-01-31 19:18:20.760,2,600,when-will-i-coldstart-dev-system-under-test-1856,"2021-01-31T19:18:20.756Z	cb2a0553-5fe3-436c-bbf8-dd03753ba0bd	INFO	{
  target: 'when-will-i-coldstart-dev-system-under-test-1856',
  interval: 600,
  coldstarts: 2
}
"
2021-01-31 19:18:20.170,2,600,when-will-i-coldstart-dev-system-under-test-1536,"2021-01-31T19:18:20.170Z	8a42d2a4-b1ad-470c-a870-a437ab3a825e	INFO	{
  target: 'when-will-i-coldstart-dev-system-under-test-1536',
  interval: 600,
  coldstarts: 2
}
"
2021-01-31 19:18:20.003,2,600,when-will-i-coldstart-dev-system-under-test-1408,"2021-01-31T19:18:20.003Z	926a83dd-2540-4b36-b884-9167c8a3c69e	INFO	{
  target: 'when-will-i-coldstart-dev-system-under-test-1408',
  interval: 600,
  coldstarts: 2
}
"
2021-01-31 19:18:19.997,2,600,when-will-i-coldstart-dev-system-under-test-2048,"2021-01-31T19:18:19.997Z	924b5c75-80e9-49df-874e-c20cfa62da62	INFO	{
  target: 'when-will-i-coldstart-dev-system-under-test-2048',
  interval: 600,
  coldstarts: 2
}
"
2021-01-31 19:18:19.941,2,600,when-will-i-coldstart-dev-system-under-test-2432,"2021-01-31T19:18:19.941Z	3c047bf1-5cd1-42ed-9a73-7826240f2c40	INFO	{
  target: 'when-will-i-coldstart-dev-system-under-test-2432',
  interval: 600,
  coldstarts: 2
}
"
2021-01-31 19:18:19.215,2,600,when-will-i-coldstart-dev-system-under-test-2624,"2021-01-31T19:18:19.215Z	3c5f75f4-702a-4010-855e-7ee004bb5fcf	INFO	{
  target: 'when-will-i-coldstart-dev-system-under-test-2624',
  interval: 600,
  coldstarts: 2
}
"
2021-01-31 19:18:19.146,2,600,when-will-i-coldstart-dev-system-under-test-1792,"2021-01-31T19:18:19.146Z	59e78329-3e0a-45ec-ac7c-0d4acedff0bd	INFO	{
  target: 'when-will-i-coldstart-dev-system-under-test-1792',
  interval: 600,
  coldstarts: 2
}
"
2021-01-31 19:18:19.117,2,600,when-will-i-coldstart-dev-system-under-test-3008,"2021-01-31T19:18:19.117Z	8f240b0a-6905-4772-9f99-81b7352728bd	INFO	{
  target: 'when-will-i-coldstart-dev-system-under-test-3008',
  interval: 600,
  coldstarts: 2
}
"
2021-01-31 19:18:19.043,2,600,when-will-i-coldstart-dev-system-under-test-2240,"2021-01-31T19:18:19.043Z	3e0d1bfc-e1d8-4669-9a91-e705570def92	INFO	{
  target: 'when-will-i-coldstart-dev-system-under-test-2240',
  interval: 600,
  coldstarts: 2
}
"
2021-01-31 19:08:19.406,1,600,when-will-i-coldstart-dev-system-under-test-128,"2021-01-31T19:08:19.406Z	6b69a99c-d266-4978-a7c7-32197ab23d53	INFO	{
  target: 'when-will-i-coldstart-dev-system-under-test-128',
  interval: 600,
  coldstarts: 1
}
"
2021-01-31 19:08:19.118,1,600,when-will-i-coldstart-dev-system-under-test-256,"2021-01-31T19:08:19.118Z	bb70344b-fc43-43f9-8316-7374869fd44f	INFO	{
  target: 'when-will-i-coldstart-dev-system-under-test-256',
  interval: 600,
  coldstarts: 1
}
"
2021-01-31 19:08:18.915,1,600,when-will-i-coldstart-dev-system-under-test-2816,"2021-01-31T19:08:18.914Z	3363f5c5-a74f-4bd7-ba3c-3511939cdd18	INFO	{
  target: 'when-will-i-coldstart-dev-system-under-test-2816',
  interval: 600,
  coldstarts: 1
}
"
2021-01-31 19:08:18.886,1,600,when-will-i-coldstart-dev-system-under-test-1152,"2021-01-31T19:08:18.886Z	13efc039-212d-4305-bf9a-656c4f51800a	INFO	{
  target: 'when-will-i-coldstart-dev-system-under-test-1152',
  interval: 600,
  coldstarts: 1
}
"
2021-01-31 19:08:18.861,1,600,when-will-i-coldstart-dev-system-under-test-1536,"2021-01-31T19:08:18.861Z	022e9e3a-711c-45cf-92da-0eb9ea3ff6ee	INFO	{
  target: 'when-will-i-coldstart-dev-system-under-test-1536',
  interval: 600,
  coldstarts: 1
}
"
2021-01-31 19:08:18.859,1,600,when-will-i-coldstart-dev-system-under-test-1856,"2021-01-31T19:08:18.859Z	b19ab3f7-5b1a-4e80-a062-96b7ac6367a1	INFO	{
  target: 'when-will-i-coldstart-dev-system-under-test-1856',
  interval: 600,
  coldstarts: 1
}
"
2021-01-31 19:08:18.856,1,600,when-will-i-coldstart-dev-system-under-test-2432,"2021-01-31T19:08:18.855Z	9f4854ea-6603-4d24-aea2-585fabdc002f	INFO	{
  target: 'when-will-i-coldstart-dev-system-under-test-2432',
  interval: 600,
  coldstarts: 1
}
"
2021-01-31 19:08:18.849,1,600,when-will-i-coldstart-dev-system-under-test-2048,"2021-01-31T19:08:18.848Z	746c3af4-ddfb-4488-8d80-ae09dbc0e530	INFO	{
  target: 'when-will-i-coldstart-dev-system-under-test-2048',
  interval: 600,
  coldstarts: 1
}
"
2021-01-31 19:08:18.824,1,600,when-will-i-coldstart-dev-system-under-test-512,"2021-01-31T19:08:18.824Z	250c5911-6e66-4e08-9419-7a994ad332f7	INFO	{
  target: 'when-will-i-coldstart-dev-system-under-test-512',
  interval: 600,
  coldstarts: 1
}
"
2021-01-31 19:08:18.822,1,600,when-will-i-coldstart-dev-system-under-test-1024,"2021-01-31T19:08:18.822Z	cfeb7b9d-4854-424d-9690-4105bf5a2b16	INFO	{
  target: 'when-will-i-coldstart-dev-system-under-test-1024',
  interval: 600,
  coldstarts: 1
}
"
2021-01-31 19:08:18.766,1,600,when-will-i-coldstart-dev-system-under-test-1408,"2021-01-31T19:08:18.766Z	f450d92a-d179-488a-aed5-5b5da640e81d	INFO	{
  target: 'when-will-i-coldstart-dev-system-under-test-1408',
  interval: 600,
  coldstarts: 1
}
"
2021-01-31 19:08:18.746,1,600,when-will-i-coldstart-dev-system-under-test-1280,"2021-01-31T19:08:18.746Z	94ab8bd4-e42b-4225-a814-3d35018cbfd1	INFO	{
  target: 'when-will-i-coldstart-dev-system-under-test-1280',
  interval: 600,
  coldstarts: 1
}
"
2021-01-31 19:08:17.982,1,600,when-will-i-coldstart-dev-system-under-test-2240,"2021-01-31T19:08:17.982Z	e1374b04-4a2f-4e29-9d65-f8298c8f1085	INFO	{
  target: 'when-will-i-coldstart-dev-system-under-test-2240',
  interval: 600,
  coldstarts: 1
}
"
2021-01-31 19:08:17.982,1,600,when-will-i-coldstart-dev-system-under-test-3008,"2021-01-31T19:08:17.981Z	f966d98f-e22b-4c9f-b8a6-6bf8044db664	INFO	{
  target: 'when-will-i-coldstart-dev-system-under-test-3008',
  interval: 600,
  coldstarts: 1
}
"
2021-01-31 19:08:17.980,1,600,when-will-i-coldstart-dev-system-under-test-2624,"2021-01-31T19:08:17.980Z	2a17472a-6af5-40a3-8c50-f3aa52798fa7	INFO	{
  target: 'when-will-i-coldstart-dev-system-under-test-2624',
  interval: 600,
  coldstarts: 1
}
"
2021-01-31 19:08:17.977,1,600,when-will-i-coldstart-dev-system-under-test-1792,"2021-01-31T19:08:17.977Z	6ae1e0b8-c67a-4f47-b79d-01017b2d13ea	INFO	{
  target: 'when-will-i-coldstart-dev-system-under-test-1792',
  interval: 600,
  coldstarts: 1
}
"
2021-01-28 22:35:19.404,9,600,when-will-i-coldstart-dev-system-under-test-128,"2021-01-28T22:35:19.403Z	cad2e9e6-3bf4-49c5-9db6-49e87120ed77	INFO	{
  target: 'when-will-i-coldstart-dev-system-under-test-128',
  interval: 600,
  coldstarts: 9
}
"
2021-01-28 22:35:18.973,9,600,when-will-i-coldstart-dev-system-under-test-1856,"2021-01-28T22:35:18.972Z	621dd49e-b8ae-4d0d-b57d-f0db04f4e033	INFO	{
  target: 'when-will-i-coldstart-dev-system-under-test-1856',
  interval: 600,
  coldstarts: 9
}
"
2021-01-28 22:35:18.600,9,600,when-will-i-coldstart-dev-system-under-test-256,"2021-01-28T22:35:18.600Z	f82fb92c-f3eb-4591-a81c-ba1d9b6ce654	INFO	{
  target: 'when-will-i-coldstart-dev-system-under-test-256',
  interval: 600,
  coldstarts: 9
}
"
2021-01-28 22:35:18.419,9,600,when-will-i-coldstart-dev-system-under-test-2624,"2021-01-28T22:35:18.419Z	829ca245-5cd8-47db-9fcd-a240b0e97cb3	INFO	{
  target: 'when-will-i-coldstart-dev-system-under-test-2624',
  interval: 600,
  coldstarts: 9
}
"
2021-01-28 22:35:18.201,9,600,when-will-i-coldstart-dev-system-under-test-3008,"2021-01-28T22:35:18.201Z	88131ab5-5dba-4151-a5d0-9e702e3020c7	INFO	{
  target: 'when-will-i-coldstart-dev-system-under-test-3008',
  interval: 600,
  coldstarts: 9
}
"
2021-01-28 22:35:17.478,9,600,when-will-i-coldstart-dev-system-under-test-2816,"2021-01-28T22:35:17.478Z	beee497f-cb0e-4bb7-ac6b-3f31a59c9c4f	INFO	{
  target: 'when-will-i-coldstart-dev-system-under-test-2816',
  interval: 600,
  coldstarts: 9
}
"
2021-01-28 22:35:17.038,9,600,when-will-i-coldstart-dev-system-under-test-1152,"2021-01-28T22:35:17.037Z	69946d63-2318-4c21-8bd3-1a1f0ce33eba	INFO	{
  target: 'when-will-i-coldstart-dev-system-under-test-1152',
  interval: 600,
  coldstarts: 9
}
"
2021-01-28 22:35:16.959,9,600,when-will-i-coldstart-dev-system-under-test-1280,"2021-01-28T22:35:16.958Z	3c598368-09d9-455f-a622-df8a50c52003	INFO	{
  target: 'when-will-i-coldstart-dev-system-under-test-1280',
  interval: 600,
  coldstarts: 9
}
"
2021-01-28 22:35:16.129,9,600,when-will-i-coldstart-dev-system-under-test-2048,"2021-01-28T22:35:16.128Z	8b1063d9-67bd-43a2-b4ad-5f6a1b81bac6	INFO	{
  target: 'when-will-i-coldstart-dev-system-under-test-2048',
  interval: 600,
  coldstarts: 9
}
"
2021-01-28 22:35:15.873,9,600,when-will-i-coldstart-dev-system-under-test-512,"2021-01-28T22:35:15.872Z	65245d26-0b96-4cd1-949c-e5fa2e64a854	INFO	{
  target: 'when-will-i-coldstart-dev-system-under-test-512',
  interval: 600,
  coldstarts: 9
}
"
2021-01-28 22:35:15.127,9,600,when-will-i-coldstart-dev-system-under-test-1536,"2021-01-28T22:35:15.126Z	271073f0-c124-4cbd-b9ab-d75988084e7f	INFO	{
  target: 'when-will-i-coldstart-dev-system-under-test-1536',
  interval: 600,
  coldstarts: 9
}
"
2021-01-28 22:35:14.537,9,600,when-will-i-coldstart-dev-system-under-test-2240,"2021-01-28T22:35:14.533Z	9d4bc2b9-7343-471f-bed2-86f320de6469	INFO	{
  target: 'when-will-i-coldstart-dev-system-under-test-2240',
  interval: 600,
  coldstarts: 9
}
"
2021-01-28 22:35:13.539,9,600,when-will-i-coldstart-dev-system-under-test-1792,"2021-01-28T22:35:13.538Z	51b37635-f67b-4419-8051-b72f3d52df3e	INFO	{
  target: 'when-will-i-coldstart-dev-system-under-test-1792',
  interval: 600,
  coldstarts: 9
}
"
2021-01-28 22:35:12.932,9,600,when-will-i-coldstart-dev-system-under-test-1024,"2021-01-28T22:35:12.932Z	f6d7c8cb-e704-4651-8c10-56c6403602c6	INFO	{
  target: 'when-will-i-coldstart-dev-system-under-test-1024',
  interval: 600,
  coldstarts: 9
}
"
2021-01-28 22:35:11.960,9,600,when-will-i-coldstart-dev-system-under-test-1408,"2021-01-28T22:35:11.960Z	31f97ba6-d9e9-49c1-8473-9418c7dea2ab	INFO	{
  target: 'when-will-i-coldstart-dev-system-under-test-1408',
  interval: 600,
  coldstarts: 9
}
"
2021-01-28 22:35:11.931,9,600,when-will-i-coldstart-dev-system-under-test-2432,"2021-01-28T22:35:11.931Z	f2e62429-ce07-4a9d-a8c0-19c4e8c71018	INFO	{
  target: 'when-will-i-coldstart-dev-system-under-test-2432',
  interval: 600,
  coldstarts: 9
}
"
2021-01-28 22:25:17.546,8,600,when-will-i-coldstart-dev-system-under-test-128,"2021-01-28T22:25:17.546Z	503ce6f8-ffdd-436f-9973-005d91f0e5f8	INFO	{
  target: 'when-will-i-coldstart-dev-system-under-test-128',
  interval: 600,
  coldstarts: 8
}
"
2021-01-28 22:25:17.248,8,600,when-will-i-coldstart-dev-system-under-test-1856,"2021-01-28T22:25:17.248Z	ac96566c-9d4d-43b6-949a-5ee4530c2e45	INFO	{
  target: 'when-will-i-coldstart-dev-system-under-test-1856',
  interval: 600,
  coldstarts: 8
}
"
2021-01-28 22:25:17.115,8,600,when-will-i-coldstart-dev-system-under-test-2624,"2021-01-28T22:25:17.115Z	cf4a08e9-c5cb-427e-8f72-c0ce08b7f8ac	INFO	{
  target: 'when-will-i-coldstart-dev-system-under-test-2624',
  interval: 600,
  coldstarts: 8
}
"
2021-01-28 22:25:16.947,8,600,when-will-i-coldstart-dev-system-under-test-3008,"2021-01-28T22:25:16.947Z	e43cf3f3-8195-44ee-881e-1ce6a50537d4	INFO	{
  target: 'when-will-i-coldstart-dev-system-under-test-3008',
  interval: 600,
  coldstarts: 8
}
"
2021-01-28 22:25:16.165,8,600,when-will-i-coldstart-dev-system-under-test-2816,"2021-01-28T22:25:16.165Z	0bb78cc2-5cd1-4bc3-830a-eb985ff5705c	INFO	{
  target: 'when-will-i-coldstart-dev-system-under-test-2816',
  interval: 600,
  coldstarts: 8
}
"
2021-01-28 22:25:16.092,8,600,when-will-i-coldstart-dev-system-under-test-256,"2021-01-28T22:25:16.092Z	6385d69d-625d-4051-92e0-ba20bbc54139	INFO	{
  target: 'when-will-i-coldstart-dev-system-under-test-256',
  interval: 600,
  coldstarts: 8
}
"
2021-01-28 22:25:15.867,8,600,when-will-i-coldstart-dev-system-under-test-1280,"2021-01-28T22:25:15.867Z	3e5ac561-dbc8-4708-a9d8-de16bb3be348	INFO	{
  target: 'when-will-i-coldstart-dev-system-under-test-1280',
  interval: 600,
  coldstarts: 8
}
"
2021-01-28 22:25:15.814,8,600,when-will-i-coldstart-dev-system-under-test-1152,"2021-01-28T22:25:15.814Z	3a4dc57c-d00b-4201-a4ca-c12cf77229fe	INFO	{
  target: 'when-will-i-coldstart-dev-system-under-test-1152',
  interval: 600,
  coldstarts: 8
}
"
2021-01-28 22:25:14.940,8,600,when-will-i-coldstart-dev-system-under-test-2048,"2021-01-28T22:25:14.940Z	1cc75b96-f47c-4684-9bab-a1ef475cc530	INFO	{
  target: 'when-will-i-coldstart-dev-system-under-test-2048',
  interval: 600,
  coldstarts: 8
}
"
2021-01-28 22:25:14.514,8,600,when-will-i-coldstart-dev-system-under-test-512,"2021-01-28T22:25:14.514Z	ba2756dc-c5ab-467f-b28c-f51eaf5aa34c	INFO	{
  target: 'when-will-i-coldstart-dev-system-under-test-512',
  interval: 600,
  coldstarts: 8
}
"
2021-01-28 22:25:13.794,8,600,when-will-i-coldstart-dev-system-under-test-1536,"2021-01-28T22:25:13.794Z	0ebf58c7-824a-4bb0-97ba-ac368a184499	INFO	{
  target: 'when-will-i-coldstart-dev-system-under-test-1536',
  interval: 600,
  coldstarts: 8
}
"
2021-01-28 22:25:13.366,8,600,when-will-i-coldstart-dev-system-under-test-2240,"2021-01-28T22:25:13.366Z	63233316-956c-4c8e-97f4-2b6006d805a5	INFO	{
  target: 'when-will-i-coldstart-dev-system-under-test-2240',
  interval: 600,
  coldstarts: 8
}
"
2021-01-28 22:25:12.253,8,600,when-will-i-coldstart-dev-system-under-test-1792,"2021-01-28T22:25:12.252Z	ba613e04-dbc5-474a-a687-d0ce18192a8a	INFO	{
  target: 'when-will-i-coldstart-dev-system-under-test-1792',
  interval: 600,
  coldstarts: 8
}
"
2021-01-28 22:25:11.677,8,600,when-will-i-coldstart-dev-system-under-test-1024,"2021-01-28T22:25:11.677Z	8f62801d-e74c-42be-946e-c2ac90806bc7	INFO	{
  target: 'when-will-i-coldstart-dev-system-under-test-1024',
  interval: 600,
  coldstarts: 8
}
"
2021-01-28 22:25:10.716,8,600,when-will-i-coldstart-dev-system-under-test-2432,"2021-01-28T22:25:10.715Z	706ae57d-74f4-4f46-8ef4-c0045d6ddef3	INFO	{
  target: 'when-will-i-coldstart-dev-system-under-test-2432',
  interval: 600,
  coldstarts: 8
}
"
2021-01-28 22:25:10.701,8,600,when-will-i-coldstart-dev-system-under-test-1408,"2021-01-28T22:25:10.701Z	a0dd8c20-eb9e-4d0f-b5b2-30005dc84955	INFO	{
  target: 'when-will-i-coldstart-dev-system-under-test-1408',
  interval: 600,
  coldstarts: 8
}
"
2021-01-28 22:15:15.775,7,600,when-will-i-coldstart-dev-system-under-test-128,"2021-01-28T22:15:15.775Z	391ea8a4-5b12-47cd-8db3-956503f61a42	INFO	{
  target: 'when-will-i-coldstart-dev-system-under-test-128',
  interval: 600,
  coldstarts: 7
}
"
2021-01-28 22:15:15.332,7,600,when-will-i-coldstart-dev-system-under-test-1856,"2021-01-28T22:15:15.332Z	f1fd247a-617f-4df6-ac92-853d47dd9232	INFO	{
  target: 'when-will-i-coldstart-dev-system-under-test-1856',
  interval: 600,
  coldstarts: 7
}
"
2021-01-28 22:15:15.041,7,600,when-will-i-coldstart-dev-system-under-test-2624,"2021-01-28T22:15:15.041Z	749325b4-f63c-42f9-8794-8c85976a0bd0	INFO	{
  target: 'when-will-i-coldstart-dev-system-under-test-2624',
  interval: 600,
  coldstarts: 7
}
"
2021-01-28 22:15:14.753,7,600,when-will-i-coldstart-dev-system-under-test-3008,"2021-01-28T22:15:14.752Z	0579e148-8deb-4eca-94c0-282d2b6503d8	INFO	{
  target: 'when-will-i-coldstart-dev-system-under-test-3008',
  interval: 600,
  coldstarts: 7
}
"
2021-01-28 22:15:14.726,7,600,when-will-i-coldstart-dev-system-under-test-1280,"2021-01-28T22:15:14.725Z	e5c02838-e4fe-4faf-be98-f123713c252e	INFO	{
  target: 'when-will-i-coldstart-dev-system-under-test-1280',
  interval: 600,
  coldstarts: 7
}
"
2021-01-28 22:15:14.659,7,600,when-will-i-coldstart-dev-system-under-test-256,"2021-01-28T22:15:14.659Z	81acc65f-5d66-4c44-9844-d5fd38d02113	INFO	{
  target: 'when-will-i-coldstart-dev-system-under-test-256',
  interval: 600,
  coldstarts: 7
}
"
2021-01-28 22:15:14.319,7,600,when-will-i-coldstart-dev-system-under-test-2816,"2021-01-28T22:15:14.319Z	e2be70c1-0e17-4460-a498-99e39c4cd814	INFO	{
  target: 'when-will-i-coldstart-dev-system-under-test-2816',
  interval: 600,
  coldstarts: 7
}
"
2021-01-28 22:15:13.647,7,600,when-will-i-coldstart-dev-system-under-test-2048,"2021-01-28T22:15:13.646Z	864ccc1b-2d9c-4dc3-9c3e-f5285af170f9	INFO	{
  target: 'when-will-i-coldstart-dev-system-under-test-2048',
  interval: 600,
  coldstarts: 7
}
"
2021-01-28 22:15:13.602,7,600,when-will-i-coldstart-dev-system-under-test-1152,"2021-01-28T22:15:13.602Z	2be2dcec-ea56-4e3a-aa7f-7177ac04a88f	INFO	{
  target: 'when-will-i-coldstart-dev-system-under-test-1152',
  interval: 600,
  coldstarts: 7
}
"
2021-01-28 22:15:13.279,7,600,when-will-i-coldstart-dev-system-under-test-512,"2021-01-28T22:15:13.279Z	92a67c4d-3674-446c-abdd-4860bc444f93	INFO	{
  target: 'when-will-i-coldstart-dev-system-under-test-512',
  interval: 600,
  coldstarts: 7
}
"
2021-01-28 22:15:12.652,7,600,when-will-i-coldstart-dev-system-under-test-1536,"2021-01-28T22:15:12.652Z	7baecabf-28dc-4bc5-81aa-eec1c1b90278	INFO	{
  target: 'when-will-i-coldstart-dev-system-under-test-1536',
  interval: 600,
  coldstarts: 7
}
"
2021-01-28 22:15:12.189,7,600,when-will-i-coldstart-dev-system-under-test-2240,"2021-01-28T22:15:12.189Z	59d8d7c8-4cd8-4319-83e9-11125c24c364	INFO	{
  target: 'when-will-i-coldstart-dev-system-under-test-2240',
  interval: 600,
  coldstarts: 7
}
"
2021-01-28 22:15:11.040,7,600,when-will-i-coldstart-dev-system-under-test-1792,"2021-01-28T22:15:11.040Z	7d9b4a35-d27b-4853-904c-6c9b3de5db8d	INFO	{
  target: 'when-will-i-coldstart-dev-system-under-test-1792',
  interval: 600,
  coldstarts: 7
}
"
2021-01-28 22:15:10.465,7,600,when-will-i-coldstart-dev-system-under-test-1024,"2021-01-28T22:15:10.464Z	e0a1b392-a601-4cf3-bb48-ee2db45b253b	INFO	{
  target: 'when-will-i-coldstart-dev-system-under-test-1024',
  interval: 600,
  coldstarts: 7
}
"
2021-01-28 22:15:09.456,7,600,when-will-i-coldstart-dev-system-under-test-1408,"2021-01-28T22:15:09.456Z	7af822ab-971b-4065-83d5-40743ca0899c	INFO	{
  target: 'when-will-i-coldstart-dev-system-under-test-1408',
  interval: 600,
  coldstarts: 7
}
"
2021-01-28 22:15:09.393,7,600,when-will-i-coldstart-dev-system-under-test-2432,"2021-01-28T22:15:09.392Z	a039afdb-0080-4e7e-a9e1-f15ab09d3492	INFO	{
  target: 'when-will-i-coldstart-dev-system-under-test-2432',
  interval: 600,
  coldstarts: 7
}
"
2021-01-28 22:05:13.957,6,600,when-will-i-coldstart-dev-system-under-test-128,"2021-01-28T22:05:13.954Z	ffe88d41-08ba-4432-b1ec-53b857291b53	INFO	{
  target: 'when-will-i-coldstart-dev-system-under-test-128',
  interval: 600,
  coldstarts: 6
}
"
2021-01-28 22:05:13.288,6,600,when-will-i-coldstart-dev-system-under-test-1856,"2021-01-28T22:05:13.281Z	1cce2164-8494-4242-983a-78e7d077df98	INFO	{
  target: 'when-will-i-coldstart-dev-system-under-test-1856',
  interval: 600,
  coldstarts: 6
}
"
2021-01-28 22:05:13.230,6,600,when-will-i-coldstart-dev-system-under-test-2624,"2021-01-28T22:05:13.230Z	18ec15ad-2008-4398-b001-e49e91b51c7d	INFO	{
  target: 'when-will-i-coldstart-dev-system-under-test-2624',
  interval: 600,
  coldstarts: 6
}
"
2021-01-28 22:05:13.125,6,600,when-will-i-coldstart-dev-system-under-test-2816,"2021-01-28T22:05:13.125Z	70697f45-8bc8-4b24-ab24-cb9a42b0476d	INFO	{
  target: 'when-will-i-coldstart-dev-system-under-test-2816',
  interval: 600,
  coldstarts: 6
}
"
2021-01-28 22:05:12.626,6,600,when-will-i-coldstart-dev-system-under-test-1280,"2021-01-28T22:05:12.626Z	8dc39628-8661-4d7e-8ada-ca13b91c076b	INFO	{
  target: 'when-will-i-coldstart-dev-system-under-test-1280',
  interval: 600,
  coldstarts: 6
}
"
2021-01-28 22:05:12.543,6,600,when-will-i-coldstart-dev-system-under-test-3008,"2021-01-28T22:05:12.542Z	97d3bf4e-ab5e-478c-a4c2-dfa3b80ff263	INFO	{
  target: 'when-will-i-coldstart-dev-system-under-test-3008',
  interval: 600,
  coldstarts: 6
}
"
2021-01-28 22:05:12.444,6,600,when-will-i-coldstart-dev-system-under-test-256,"2021-01-28T22:05:12.444Z	5aaa660f-20a7-42d8-b85c-7a9376e717da	INFO	{
  target: 'when-will-i-coldstart-dev-system-under-test-256',
  interval: 600,
  coldstarts: 6
}
"
2021-01-28 22:05:12.311,6,600,when-will-i-coldstart-dev-system-under-test-1152,"2021-01-28T22:05:12.311Z	9bc685b6-6fee-4c24-bdee-f574b0b3d594	INFO	{
  target: 'when-will-i-coldstart-dev-system-under-test-1152',
  interval: 600,
  coldstarts: 6
}
"
2021-01-28 22:05:11.104,6,600,when-will-i-coldstart-dev-system-under-test-2048,"2021-01-28T22:05:11.104Z	cceb15c9-d098-4542-8236-238debd9d4c4	INFO	{
  target: 'when-will-i-coldstart-dev-system-under-test-2048',
  interval: 600,
  coldstarts: 6
}
"
2021-01-28 22:05:11.019,6,600,when-will-i-coldstart-dev-system-under-test-1536,"2021-01-28T22:05:11.017Z	755bb226-eaa9-41d1-aff3-1c31f7022c42	INFO	{
  target: 'when-will-i-coldstart-dev-system-under-test-1536',
  interval: 600,
  coldstarts: 6
}
"
2021-01-28 22:05:10.979,6,600,when-will-i-coldstart-dev-system-under-test-2240,"2021-01-28T22:05:10.979Z	0bac3684-69a3-4723-bfbf-23d919cf6c1c	INFO	{
  target: 'when-will-i-coldstart-dev-system-under-test-2240',
  interval: 600,
  coldstarts: 6
}
"
2021-01-28 22:05:10.922,6,600,when-will-i-coldstart-dev-system-under-test-512,"2021-01-28T22:05:10.918Z	aa23414f-a59d-4866-90ee-0b26d57f79a0	INFO	{
  target: 'when-will-i-coldstart-dev-system-under-test-512',
  interval: 600,
  coldstarts: 6
}
"
2021-01-28 22:05:09.743,6,600,when-will-i-coldstart-dev-system-under-test-1792,"2021-01-28T22:05:09.742Z	23a098f5-fc60-4aa3-9d56-ca726dedddc4	INFO	{
  target: 'when-will-i-coldstart-dev-system-under-test-1792',
  interval: 600,
  coldstarts: 6
}
"
2021-01-28 22:05:09.220,6,600,when-will-i-coldstart-dev-system-under-test-1024,"2021-01-28T22:05:09.220Z	65cd41ff-e1c8-42a1-886d-1adc45cfedc5	INFO	{
  target: 'when-will-i-coldstart-dev-system-under-test-1024',
  interval: 600,
  coldstarts: 6
}
"
2021-01-28 22:05:08.266,6,600,when-will-i-coldstart-dev-system-under-test-1408,"2021-01-28T22:05:08.266Z	9fbb8477-5d08-44cc-91d4-2e548f570bfc	INFO	{
  target: 'when-will-i-coldstart-dev-system-under-test-1408',
  interval: 600,
  coldstarts: 6
}
"
2021-01-28 22:05:08.171,6,600,when-will-i-coldstart-dev-system-under-test-2432,"2021-01-28T22:05:08.171Z	8641dc41-e7da-4b81-9662-09d51cf93add	INFO	{
  target: 'when-will-i-coldstart-dev-system-under-test-2432',
  interval: 600,
  coldstarts: 6
}
"
2021-01-28 21:55:12.009,5,600,when-will-i-coldstart-dev-system-under-test-2624,"2021-01-28T21:55:12.009Z	dc4f407a-1dfc-4998-993b-0bfee6077c85	INFO	{
  target: 'when-will-i-coldstart-dev-system-under-test-2624',
  interval: 600,
  coldstarts: 5
}
"
2021-01-28 21:55:11.817,5,600,when-will-i-coldstart-dev-system-under-test-128,"2021-01-28T21:55:11.817Z	92a1f394-c3c7-445b-a8b3-61f014d9c3d3	INFO	{
  target: 'when-will-i-coldstart-dev-system-under-test-128',
  interval: 600,
  coldstarts: 5
}
"
2021-01-28 21:55:11.295,5,600,when-will-i-coldstart-dev-system-under-test-3008,"2021-01-28T21:55:11.294Z	b2d09941-a951-4948-b50c-39ded1c06491	INFO	{
  target: 'when-will-i-coldstart-dev-system-under-test-3008',
  interval: 600,
  coldstarts: 5
}
"
2021-01-28 21:55:11.194,5,600,when-will-i-coldstart-dev-system-under-test-1856,"2021-01-28T21:55:11.194Z	88a8e078-79f0-401d-ae98-1c924b2e464d	INFO	{
  target: 'when-will-i-coldstart-dev-system-under-test-1856',
  interval: 600,
  coldstarts: 5
}
"
2021-01-28 21:55:11.185,5,600,when-will-i-coldstart-dev-system-under-test-2816,"2021-01-28T21:55:11.184Z	28111828-587e-40a2-b4a5-9990154b0e0c	INFO	{
  target: 'when-will-i-coldstart-dev-system-under-test-2816',
  interval: 600,
  coldstarts: 5
}
"
2021-01-28 21:55:11.125,5,600,when-will-i-coldstart-dev-system-under-test-1280,"2021-01-28T21:55:11.124Z	4376f058-8448-497a-8946-d6c18efa333e	INFO	{
  target: 'when-will-i-coldstart-dev-system-under-test-1280',
  interval: 600,
  coldstarts: 5
}
"
2021-01-28 21:55:11.117,5,600,when-will-i-coldstart-dev-system-under-test-1152,"2021-01-28T21:55:11.117Z	36b97c21-948b-4d06-b313-74ead777b0ed	INFO	{
  target: 'when-will-i-coldstart-dev-system-under-test-1152',
  interval: 600,
  coldstarts: 5
}
"
2021-01-28 21:55:10.183,5,600,when-will-i-coldstart-dev-system-under-test-256,"2021-01-28T21:55:10.183Z	f377fc5a-0e3f-4e84-bb95-ac7e1d15ac77	INFO	{
  target: 'when-will-i-coldstart-dev-system-under-test-256',
  interval: 600,
  coldstarts: 5
}
"
2021-01-28 21:55:09.980,5,600,when-will-i-coldstart-dev-system-under-test-1536,"2021-01-28T21:55:09.979Z	7140140f-0490-4682-9160-661545bd3e7f	INFO	{
  target: 'when-will-i-coldstart-dev-system-under-test-1536',
  interval: 600,
  coldstarts: 5
}
"
2021-01-28 21:55:09.674,5,600,when-will-i-coldstart-dev-system-under-test-2048,"2021-01-28T21:55:09.674Z	4afac2c7-2ab3-440a-8377-b767076e1614	INFO	{
  target: 'when-will-i-coldstart-dev-system-under-test-2048',
  interval: 600,
  coldstarts: 5
}
"
2021-01-28 21:55:09.023,5,600,when-will-i-coldstart-dev-system-under-test-2240,"2021-01-28T21:55:09.023Z	6aec9b6e-24a7-472b-ac1f-b9f722818e4a	INFO	{
  target: 'when-will-i-coldstart-dev-system-under-test-2240',
  interval: 600,
  coldstarts: 5
}
"
2021-01-28 21:55:08.851,5,600,when-will-i-coldstart-dev-system-under-test-512,"2021-01-28T21:55:08.850Z	be8693ab-7786-42f6-a577-c6b296783037	INFO	{
  target: 'when-will-i-coldstart-dev-system-under-test-512',
  interval: 600,
  coldstarts: 5
}
"
2021-01-28 21:55:08.585,5,600,when-will-i-coldstart-dev-system-under-test-1792,"2021-01-28T21:55:08.585Z	d93b27e3-75d3-4b06-b833-d6ea3d991487	INFO	{
  target: 'when-will-i-coldstart-dev-system-under-test-1792',
  interval: 600,
  coldstarts: 5
}
"
2021-01-28 21:55:08.027,5,600,when-will-i-coldstart-dev-system-under-test-1024,"2021-01-28T21:55:08.027Z	cab71177-45a4-4299-90c6-a359a5ab1cdc	INFO	{
  target: 'when-will-i-coldstart-dev-system-under-test-1024',
  interval: 600,
  coldstarts: 5
}
"
2021-01-28 21:55:07.132,5,600,when-will-i-coldstart-dev-system-under-test-1408,"2021-01-28T21:55:07.132Z	df450b6e-5f73-4f19-b2a6-7d1811a47111	INFO	{
  target: 'when-will-i-coldstart-dev-system-under-test-1408',
  interval: 600,
  coldstarts: 5
}
"
2021-01-28 21:55:07.041,5,600,when-will-i-coldstart-dev-system-under-test-2432,"2021-01-28T21:55:07.041Z	92c49400-ac0f-46d8-b68d-63dbc10acca9	INFO	{
  target: 'when-will-i-coldstart-dev-system-under-test-2432',
  interval: 600,
  coldstarts: 5
}
"
2021-01-28 21:45:10.031,4,600,when-will-i-coldstart-dev-system-under-test-2624,"2021-01-28T21:45:10.031Z	d31f7942-105a-41fc-a167-1d587dba333f	INFO	{
  target: 'when-will-i-coldstart-dev-system-under-test-2624',
  interval: 600,
  coldstarts: 4
}
"
2021-01-28 21:45:10.010,4,600,when-will-i-coldstart-dev-system-under-test-2816,"2021-01-28T21:45:10.009Z	8d3dec0b-5aae-4eb4-be44-0840db0291f7	INFO	{
  target: 'when-will-i-coldstart-dev-system-under-test-2816',
  interval: 600,
  coldstarts: 4
}
"
2021-01-28 21:45:09.887,4,600,when-will-i-coldstart-dev-system-under-test-1280,"2021-01-28T21:45:09.887Z	b1c652ea-e52f-40ea-bdba-845492c657f3	INFO	{
  target: 'when-will-i-coldstart-dev-system-under-test-1280',
  interval: 600,
  coldstarts: 4
}
"
2021-01-28 21:45:09.862,4,600,when-will-i-coldstart-dev-system-under-test-128,"2021-01-28T21:45:09.862Z	dc000cff-4e5c-4314-ac3a-ddb473b979a5	INFO	{
  target: 'when-will-i-coldstart-dev-system-under-test-128',
  interval: 600,
  coldstarts: 4
}
"
2021-01-28 21:45:09.066,4,600,when-will-i-coldstart-dev-system-under-test-3008,"2021-01-28T21:45:09.065Z	18d25623-3bb1-459c-8722-d06caa40dfbd	INFO	{
  target: 'when-will-i-coldstart-dev-system-under-test-3008',
  interval: 600,
  coldstarts: 4
}
"
2021-01-28 21:45:09.030,4,600,when-will-i-coldstart-dev-system-under-test-1856,"2021-01-28T21:45:09.029Z	57387304-cacf-4711-9ad5-8a299588a55d	INFO	{
  target: 'when-will-i-coldstart-dev-system-under-test-1856',
  interval: 600,
  coldstarts: 4
}
"
2021-01-28 21:45:08.903,4,600,when-will-i-coldstart-dev-system-under-test-1152,"2021-01-28T21:45:08.902Z	7fa5887c-e603-455c-8d26-d27d08bcb32a	INFO	{
  target: 'when-will-i-coldstart-dev-system-under-test-1152',
  interval: 600,
  coldstarts: 4
}
"
2021-01-28 21:45:08.845,4,600,when-will-i-coldstart-dev-system-under-test-1536,"2021-01-28T21:45:08.844Z	8f90bbe8-8a98-49c6-bca4-275fdb3d54b2	INFO	{
  target: 'when-will-i-coldstart-dev-system-under-test-1536',
  interval: 600,
  coldstarts: 4
}
"
2021-01-28 21:45:08.710,4,600,when-will-i-coldstart-dev-system-under-test-256,"2021-01-28T21:45:08.710Z	c6470b6b-3a55-43f7-b895-2b93d67deaf0	INFO	{
  target: 'when-will-i-coldstart-dev-system-under-test-256',
  interval: 600,
  coldstarts: 4
}
"
2021-01-28 21:45:08.394,4,600,when-will-i-coldstart-dev-system-under-test-2048,"2021-01-28T21:45:08.391Z	8a4868d4-d406-4748-bac6-012fcdc37872	INFO	{
  target: 'when-will-i-coldstart-dev-system-under-test-2048',
  interval: 600,
  coldstarts: 4
}
"
2021-01-28 21:45:07.828,4,600,when-will-i-coldstart-dev-system-under-test-2240,"2021-01-28T21:45:07.827Z	d504d3b3-2734-446c-9030-2a97d8e1ea11	INFO	{
  target: 'when-will-i-coldstart-dev-system-under-test-2240',
  interval: 600,
  coldstarts: 4
}
"
2021-01-28 21:45:07.466,4,600,when-will-i-coldstart-dev-system-under-test-512,"2021-01-28T21:45:07.465Z	8d0ad57b-e47f-4169-9289-66f1ca476428	INFO	{
  target: 'when-will-i-coldstart-dev-system-under-test-512',
  interval: 600,
  coldstarts: 4
}
"
2021-01-28 21:45:07.246,4,600,when-will-i-coldstart-dev-system-under-test-1792,"2021-01-28T21:45:07.245Z	189d1894-badb-45ca-85b5-161ff6f8ab3e	INFO	{
  target: 'when-will-i-coldstart-dev-system-under-test-1792',
  interval: 600,
  coldstarts: 4
}
"
2021-01-28 21:45:06.900,4,600,when-will-i-coldstart-dev-system-under-test-1024,"2021-01-28T21:45:06.900Z	3ac2eb79-4161-4091-a0ef-63314d2c4a95	INFO	{
  target: 'when-will-i-coldstart-dev-system-under-test-1024',
  interval: 600,
  coldstarts: 4
}
"
2021-01-28 21:45:05.929,4,600,when-will-i-coldstart-dev-system-under-test-2432,"2021-01-28T21:45:05.927Z	e3e40cdd-9439-4d99-a12d-cd020d2d7239	INFO	{
  target: 'when-will-i-coldstart-dev-system-under-test-2432',
  interval: 600,
  coldstarts: 4
}
"
2021-01-28 21:45:05.920,4,600,when-will-i-coldstart-dev-system-under-test-1408,"2021-01-28T21:45:05.920Z	4365a4ad-20a2-49ca-bee1-05ee76d89e4b	INFO	{
  target: 'when-will-i-coldstart-dev-system-under-test-1408',
  interval: 600,
  coldstarts: 4
}
"
2021-01-28 21:35:08.080,3,600,when-will-i-coldstart-dev-system-under-test-2816,"2021-01-28T21:35:08.079Z	68562828-e4cb-427d-86c3-a2cb1e7e2473	INFO	{
  target: 'when-will-i-coldstart-dev-system-under-test-2816',
  interval: 600,
  coldstarts: 3
}
"
2021-01-28 21:35:07.922,3,600,when-will-i-coldstart-dev-system-under-test-128,"2021-01-28T21:35:07.921Z	07a824c2-bc4c-41c4-9305-b46dbafb7331	INFO	{
  target: 'when-will-i-coldstart-dev-system-under-test-128',
  interval: 600,
  coldstarts: 3
}
"
2021-01-28 21:35:07.664,3,600,when-will-i-coldstart-dev-system-under-test-1280,"2021-01-28T21:35:07.664Z	a23713f2-bbb3-42a6-b746-d978422a1e78	INFO	{
  target: 'when-will-i-coldstart-dev-system-under-test-1280',
  interval: 600,
  coldstarts: 3
}
"
2021-01-28 21:35:07.397,3,600,when-will-i-coldstart-dev-system-under-test-1536,"2021-01-28T21:35:07.389Z	247cd501-02e9-4458-8e1d-81f5a6d3624e	INFO	{
  target: 'when-will-i-coldstart-dev-system-under-test-1536',
  interval: 600,
  coldstarts: 3
}
"
2021-01-28 21:35:07.381,3,600,when-will-i-coldstart-dev-system-under-test-3008,"2021-01-28T21:35:07.380Z	1a274e8d-8412-46b7-9f4f-228c3303d82c	INFO	{
  target: 'when-will-i-coldstart-dev-system-under-test-3008',
  interval: 600,
  coldstarts: 3
}
"
2021-01-28 21:35:07.326,3,600,when-will-i-coldstart-dev-system-under-test-256,"2021-01-28T21:35:07.325Z	f4796134-5ab8-4b93-894c-bc899ee1ff0f	INFO	{
  target: 'when-will-i-coldstart-dev-system-under-test-256',
  interval: 600,
  coldstarts: 3
}
"
2021-01-28 21:35:07.098,3,600,when-will-i-coldstart-dev-system-under-test-2048,"2021-01-28T21:35:07.098Z	6b8cc5ac-e76f-4df7-88f7-e7c6b1039e99	INFO	{
  target: 'when-will-i-coldstart-dev-system-under-test-2048',
  interval: 600,
  coldstarts: 3
}
"
2021-01-28 21:35:07.001,3,600,when-will-i-coldstart-dev-system-under-test-1856,"2021-01-28T21:35:07.001Z	ab71d7b5-50bd-4a64-8a3a-1ae500f22739	INFO	{
  target: 'when-will-i-coldstart-dev-system-under-test-1856',
  interval: 600,
  coldstarts: 3
}
"
2021-01-28 21:35:06.690,3,600,when-will-i-coldstart-dev-system-under-test-1152,"2021-01-28T21:35:06.690Z	61934742-e5b9-4204-b4ee-0c1f7d1f30c3	INFO	{
  target: 'when-will-i-coldstart-dev-system-under-test-1152',
  interval: 600,
  coldstarts: 3
}
"
2021-01-28 21:35:06.566,3,600,when-will-i-coldstart-dev-system-under-test-2240,"2021-01-28T21:35:06.566Z	b38242d1-e6bc-40c9-aff5-801de11b0f6f	INFO	{
  target: 'when-will-i-coldstart-dev-system-under-test-2240',
  interval: 600,
  coldstarts: 3
}
"
2021-01-28 21:35:05.967,3,600,when-will-i-coldstart-dev-system-under-test-1792,"2021-01-28T21:35:05.967Z	683b25dd-7c00-4285-9cae-22da13c35ffa	INFO	{
  target: 'when-will-i-coldstart-dev-system-under-test-1792',
  interval: 600,
  coldstarts: 3
}
"
2021-01-28 21:35:05.814,3,600,when-will-i-coldstart-dev-system-under-test-1024,"2021-01-28T21:35:05.813Z	7a2f313f-f380-42db-9361-f362a0e31956	INFO	{
  target: 'when-will-i-coldstart-dev-system-under-test-1024',
  interval: 600,
  coldstarts: 3
}
"
2021-01-28 21:35:05.743,3,600,when-will-i-coldstart-dev-system-under-test-512,"2021-01-28T21:35:05.743Z	5533c3f3-ff76-49c7-934c-bce7cfd30443	INFO	{
  target: 'when-will-i-coldstart-dev-system-under-test-512',
  interval: 600,
  coldstarts: 3
}
"
2021-01-28 21:35:04.737,3,600,when-will-i-coldstart-dev-system-under-test-2432,"2021-01-28T21:35:04.737Z	d12f7b2d-d83d-4f7b-9901-e7e8f6767266	INFO	{
  target: 'when-will-i-coldstart-dev-system-under-test-2432',
  interval: 600,
  coldstarts: 3
}
"
2021-01-28 21:35:04.699,3,600,when-will-i-coldstart-dev-system-under-test-2624,"2021-01-28T21:35:04.694Z	bebcedb4-5111-4436-a437-d68a15ed6f98	INFO	{
  target: 'when-will-i-coldstart-dev-system-under-test-2624',
  interval: 600,
  coldstarts: 3
}
"
2021-01-28 21:35:04.673,3,600,when-will-i-coldstart-dev-system-under-test-1408,"2021-01-28T21:35:04.672Z	7a6348e4-92ee-4e30-aa49-d9c07eebce7b	INFO	{
  target: 'when-will-i-coldstart-dev-system-under-test-1408',
  interval: 600,
  coldstarts: 3
}
"
2021-01-28 21:25:06.233,2,600,when-will-i-coldstart-dev-system-under-test-2816,"2021-01-28T21:25:06.233Z	62d50c5a-9977-42fe-9193-a0e75877e4ee	INFO	{
  target: 'when-will-i-coldstart-dev-system-under-test-2816',
  interval: 600,
  coldstarts: 2
}
"
2021-01-28 21:25:06.097,2,600,when-will-i-coldstart-dev-system-under-test-128,"2021-01-28T21:25:06.097Z	862e36bc-b23c-40b8-bc46-79410c0ed8d1	INFO	{
  target: 'when-will-i-coldstart-dev-system-under-test-128',
  interval: 600,
  coldstarts: 2
}
"
2021-01-28 21:25:06.080,2,600,when-will-i-coldstart-dev-system-under-test-1280,"2021-01-28T21:25:06.079Z	823eb6b1-db0e-45e3-8666-8de0eaa10ab1	INFO	{
  target: 'when-will-i-coldstart-dev-system-under-test-1280',
  interval: 600,
  coldstarts: 2
}
"
2021-01-28 21:25:05.910,2,600,when-will-i-coldstart-dev-system-under-test-1536,"2021-01-28T21:25:05.909Z	8d0b2a94-0b79-40a6-8d03-2c167f42c3c2	INFO	{
  target: 'when-will-i-coldstart-dev-system-under-test-1536',
  interval: 600,
  coldstarts: 2
}
"
2021-01-28 21:25:05.901,2,600,when-will-i-coldstart-dev-system-under-test-256,"2021-01-28T21:25:05.901Z	402e4ec2-32e4-401d-972c-a9601be7f581	INFO	{
  target: 'when-will-i-coldstart-dev-system-under-test-256',
  interval: 600,
  coldstarts: 2
}
"
2021-01-28 21:25:05.672,2,600,when-will-i-coldstart-dev-system-under-test-1856,"2021-01-28T21:25:05.671Z	52379fe1-dbd7-4d10-b04a-f33d03f949ac	INFO	{
  target: 'when-will-i-coldstart-dev-system-under-test-1856',
  interval: 600,
  coldstarts: 2
}
"
2021-01-28 21:25:05.360,2,600,when-will-i-coldstart-dev-system-under-test-3008,"2021-01-28T21:25:05.360Z	e34b4ab2-5ae8-4a76-97f0-993832240a93	INFO	{
  target: 'when-will-i-coldstart-dev-system-under-test-3008',
  interval: 600,
  coldstarts: 2
}
"
2021-01-28 21:25:05.146,2,600,when-will-i-coldstart-dev-system-under-test-2048,"2021-01-28T21:25:05.146Z	c7216ee5-bd0d-4f67-9591-777a5369db8e	INFO	{
  target: 'when-will-i-coldstart-dev-system-under-test-2048',
  interval: 600,
  coldstarts: 2
}
"
2021-01-28 21:25:04.611,2,600,when-will-i-coldstart-dev-system-under-test-1024,"2021-01-28T21:25:04.611Z	a7d5bc22-e5c1-4e47-a676-65236bf1cfa8	INFO	{
  target: 'when-will-i-coldstart-dev-system-under-test-1024',
  interval: 600,
  coldstarts: 2
}
"
2021-01-28 21:25:04.609,2,600,when-will-i-coldstart-dev-system-under-test-1152,"2021-01-28T21:25:04.609Z	dcc826af-b5df-44e9-98cd-8e1a0a20c09d	INFO	{
  target: 'when-will-i-coldstart-dev-system-under-test-1152',
  interval: 600,
  coldstarts: 2
}
"
2021-01-28 21:25:04.530,2,600,when-will-i-coldstart-dev-system-under-test-512,"2021-01-28T21:25:04.530Z	37c71621-bbe6-45e1-a230-f46186fa370a	INFO	{
  target: 'when-will-i-coldstart-dev-system-under-test-512',
  interval: 600,
  coldstarts: 2
}
"
2021-01-28 21:25:04.418,2,600,when-will-i-coldstart-dev-system-under-test-2240,"2021-01-28T21:25:04.418Z	61a64ef9-5310-4dd8-8b0d-f6d5713088fd	INFO	{
  target: 'when-will-i-coldstart-dev-system-under-test-2240',
  interval: 600,
  coldstarts: 2
}
"
2021-01-28 21:25:03.652,2,600,when-will-i-coldstart-dev-system-under-test-1792,"2021-01-28T21:25:03.652Z	c4d0f34b-3209-4efb-8c89-828f8d55261f	INFO	{
  target: 'when-will-i-coldstart-dev-system-under-test-1792',
  interval: 600,
  coldstarts: 2
}
"
2021-01-28 21:25:03.617,2,600,when-will-i-coldstart-dev-system-under-test-2624,"2021-01-28T21:25:03.617Z	d12e89d0-2f88-465e-a0a7-813d1f01920e	INFO	{
  target: 'when-will-i-coldstart-dev-system-under-test-2624',
  interval: 600,
  coldstarts: 2
}
"
2021-01-28 21:25:03.551,2,600,when-will-i-coldstart-dev-system-under-test-1408,"2021-01-28T21:25:03.546Z	109bcd1a-8bbf-4e00-923e-81e06376c714	INFO	{
  target: 'when-will-i-coldstart-dev-system-under-test-1408',
  interval: 600,
  coldstarts: 2
}
"
2021-01-28 21:25:03.551,2,600,when-will-i-coldstart-dev-system-under-test-2432,"2021-01-28T21:25:03.550Z	e8c2f6d3-6f71-414a-a43f-549f809d562b	INFO	{
  target: 'when-will-i-coldstart-dev-system-under-test-2432',
  interval: 600,
  coldstarts: 2
}
"
2021-01-28 21:15:04.624,1,600,when-will-i-coldstart-dev-system-under-test-2816,"2021-01-28T21:15:04.624Z	1fce531a-60fd-4807-a433-442f05d904e7	INFO	{
  target: 'when-will-i-coldstart-dev-system-under-test-2816',
  interval: 600,
  coldstarts: 1
}
"
2021-01-28 21:15:04.016,1,600,when-will-i-coldstart-dev-system-under-test-1280,"2021-01-28T21:15:04.015Z	024c0d17-cc6b-43c5-ac09-eeb32f54eb42	INFO	{
  target: 'when-will-i-coldstart-dev-system-under-test-1280',
  interval: 600,
  coldstarts: 1
}
"
2021-01-28 21:15:03.894,1,600,when-will-i-coldstart-dev-system-under-test-128,"2021-01-28T21:15:03.893Z	825887b7-c8ac-4a62-8842-f71323b14356	INFO	{
  target: 'when-will-i-coldstart-dev-system-under-test-128',
  interval: 600,
  coldstarts: 1
}
"
2021-01-28 21:15:03.860,1,600,when-will-i-coldstart-dev-system-under-test-256,"2021-01-28T21:15:03.860Z	cb09f5de-19ac-4048-84ec-d7deac0805f3	INFO	{
  target: 'when-will-i-coldstart-dev-system-under-test-256',
  interval: 600,
  coldstarts: 1
}
"
2021-01-28 21:15:03.738,1,600,when-will-i-coldstart-dev-system-under-test-1536,"2021-01-28T21:15:03.738Z	96c54ef0-c0d0-4cbc-8dcb-e9b5e425fe38	INFO	{
  target: 'when-will-i-coldstart-dev-system-under-test-1536',
  interval: 600,
  coldstarts: 1
}
"
2021-01-28 21:15:03.529,1,600,when-will-i-coldstart-dev-system-under-test-1856,"2021-01-28T21:15:03.525Z	e020f3f9-afa7-4caa-af9a-306e00fb7289	INFO	{
  target: 'when-will-i-coldstart-dev-system-under-test-1856',
  interval: 600,
  coldstarts: 1
}
"
2021-01-28 21:15:03.453,1,600,when-will-i-coldstart-dev-system-under-test-3008,"2021-01-28T21:15:03.452Z	27a5680b-0f39-4007-8113-79caedffc6f9	INFO	{
  target: 'when-will-i-coldstart-dev-system-under-test-3008',
  interval: 600,
  coldstarts: 1
}
"
2021-01-28 21:15:03.298,1,600,when-will-i-coldstart-dev-system-under-test-2048,"2021-01-28T21:15:03.298Z	b936f14b-112b-4f63-a52d-0f27b4be73ed	INFO	{
  target: 'when-will-i-coldstart-dev-system-under-test-2048',
  interval: 600,
  coldstarts: 1
}
"
2021-01-28 21:15:03.260,1,600,when-will-i-coldstart-dev-system-under-test-1152,"2021-01-28T21:15:03.260Z	fa7c0662-a316-4482-bdf6-2a177b905390	INFO	{
  target: 'when-will-i-coldstart-dev-system-under-test-1152',
  interval: 600,
  coldstarts: 1
}
"
2021-01-28 21:15:03.228,1,600,when-will-i-coldstart-dev-system-under-test-1024,"2021-01-28T21:15:03.227Z	8cb4c686-5210-4312-9b2f-c62dd80c3490	INFO	{
  target: 'when-will-i-coldstart-dev-system-under-test-1024',
  interval: 600,
  coldstarts: 1
}
"
2021-01-28 21:15:03.191,1,600,when-will-i-coldstart-dev-system-under-test-2240,"2021-01-28T21:15:03.190Z	71d4a778-5a9a-47f5-89b8-6095338da6cd	INFO	{
  target: 'when-will-i-coldstart-dev-system-under-test-2240',
  interval: 600,
  coldstarts: 1
}
"
2021-01-28 21:15:03.180,1,600,when-will-i-coldstart-dev-system-under-test-512,"2021-01-28T21:15:03.180Z	fe305b1f-50e6-4f72-a6cb-ded4c817ff77	INFO	{
  target: 'when-will-i-coldstart-dev-system-under-test-512',
  interval: 600,
  coldstarts: 1
}
"
2021-01-28 21:15:02.324,1,600,when-will-i-coldstart-dev-system-under-test-2624,"2021-01-28T21:15:02.316Z	40e4d5ae-82df-43dc-ba93-212e6676f172	INFO	{
  target: 'when-will-i-coldstart-dev-system-under-test-2624',
  interval: 600,
  coldstarts: 1
}
"
2021-01-28 21:15:02.314,1,600,when-will-i-coldstart-dev-system-under-test-1792,"2021-01-28T21:15:02.307Z	6f51a2b1-2771-4f28-9c85-13974c3feb49	INFO	{
  target: 'when-will-i-coldstart-dev-system-under-test-1792',
  interval: 600,
  coldstarts: 1
}
"
2021-01-28 21:15:02.295,1,600,when-will-i-coldstart-dev-system-under-test-1408,"2021-01-28T21:15:02.294Z	0dfda492-9517-4b96-9700-42758a29b8e8	INFO	{
  target: 'when-will-i-coldstart-dev-system-under-test-1408',
  interval: 600,
  coldstarts: 1
}
"
2021-01-28 21:15:02.293,1,600,when-will-i-coldstart-dev-system-under-test-2432,"2021-01-28T21:15:02.293Z	07285da4-21b2-4d1c-b5e6-567d423e36c2	INFO	{
  target: 'when-will-i-coldstart-dev-system-under-test-2432',
  interval: 600,
  coldstarts: 1
}
"